stock,data_points,rmse,mae,error_pct,current_price,predicted_price,change,change_pct
ITC,1239,8.541935682718501,6.246915289696213,2.07595798673181,350.04998779296875,401.57343,51.5234375,14.718879959073924
HCLTECH,1239,65.45628887661618,51.04025073761634,4.220267896928904,1640.199951171875,1694.3047,54.104736328125,3.2986671100355016
BRITANNIA,1238,133.0492312938394,112.39043799867021,2.327338153755123,5984.5,6109.9673,125.46728515625,2.096537474413067
SUNPHARMA,1239,44.42470502127497,34.92020562354554,2.6241745141376724,1728.0,1760.5237,32.523681640625,1.8821575023509836
WIPRO,1239,7.73674069274405,6.132129101043052,3.105158587825192,269.0,273.05545,4.055450439453125,1.5076023938487453
DRREDDY,1239,29.671765434522722,23.184660566614028,2.3762618025770474,1256.0999755859375,1271.9584,15.8583984375,1.2625108467263901
POWERGRID,1239,9.302710159460403,8.014169895902597,3.291080859100839,270.95001220703125,271.8695,0.91949462890625,0.33935950820466093
ASIANPAINT,1239,72.32438050332208,57.47518985829455,2.9039354359216554,2772.60009765625,2778.5532,5.953125,0.21471271695591185
TCS,1239,73.70932181006494,54.767333984375,2.303042212641082,3250.699951171875,3254.8015,4.1015625,0.12617474887282012
NESTLEIND,1239,27.805916826535494,20.66972967918884,2.306786652753939,1279.699951171875,1280.3649,0.6649169921875,0.05195881984512132
TATACONSUM,1239,28.425210510991647,21.69666598705535,2.532490839445265,1170.699951171875,1168.408,-2.2919921875,-0.1957796432130801
HDFCBANK,1239,13.157483312095284,9.837173137258976,1.348625667329983,1001.5999755859376,998.366,-3.2339477539063637,-0.32287817818830306
ULTRACEMCO,1239,224.63546128073835,178.64003802360372,1.88087614897814,11899.0,11807.184,-91.81640625,-0.7716312820405076
INFY,1239,36.74491622713771,29.304159610829455,2.4279378170209567,1640.4000244140625,1624.3438,-16.0562744140625,-0.9788023759508093
HINDUNILVR,1239,48.224068688684625,37.499766248337764,1.9986507798161697,2348.0,2319.4238,-28.576171875,-1.2170430951873934
VEDL,1239,20.005703995901342,14.279285836727047,4.364657945494751,616.9500122070312,608.79407,-8.15594482421875,-1.3219782256008517
LT,1239,92.20701841377237,66.86274621841753,2.5023567639454978,4163.39990234375,4089.5352,-73.86474609375,-1.7741448774154143
IOC,1239,3.323670923796286,2.638958180204351,2.3029296628341687,166.7899932861328,163.76659,-3.023406982421875,-1.812702862356459
ICICIBANK,1239,33.98431189596843,26.802936310463764,2.4292866540132203,1355.4000244140625,1330.4321,-24.9678955078125,-1.8421052868584746
KOTAKBANK,1239,55.70769152548441,45.08342986411237,2.6497235254093017,2195.10009765625,2148.924,-46.176025390625,-2.103595432387253
APOLLOHOSP,1239,211.29701632899716,159.8528689120677,2.881079055781038,7129.5,6971.722,-157.77783203125,-2.2130280108177294
BHARTIARTL,1239,59.0301906409441,47.065473191281555,3.0318153326246744,2106.300048828125,2058.7332,-47.56689453125,-2.2583152176117847
DIVISLAB,1239,243.267751976234,200.51821444896942,3.834309661509208,6392.5,6244.7065,-147.79345703125,-2.3119821201603443
TECHM,1239,56.757278502651225,46.92534101770279,3.786108362419988,1612.0,1573.8145,-38.185546875,-2.3688304513027294
AXISBANK,1239,30.39714964679952,22.504708148063497,2.583484711983654,1266.9000244140625,1235.0842,-31.8157958984375,-2.511310702133123
GRASIM,1239,81.95020159545022,67.50095059009308,2.9712353903192223,2856.39990234375,2779.672,-76.727783203125,-2.6861709083580303
ADANIPORTS,1239,48.87438709913615,40.50334589532081,3.487018339862793,1489.5,1448.4869,-41.0130615234375,-2.7534784507175223
BAJAJFINSV,1239,65.61236631667872,53.97403148894619,3.2411462386781302,2038.4000244140625,1977.3446,-61.055419921875,-2.9952619304655554
RELIANCE,1239,39.43734512808237,31.015420467295545,2.747292019089696,1592.300048828125,1540.4506,-51.8494873046875,-3.2562636258691846
HINDALCO,1239,22.479427810173107,15.504305575756316,3.1092371791242708,925.7000122070312,894.129,-31.57098388671875,-3.410498376406843
CIPLA,1239,55.598540508010664,47.731472583527264,3.6727602395796803,1511.5999755859375,1458.0139,-53.5860595703125,-3.5449894440188174
INDUSINDBK,1239,25.95605433195655,19.607516998940326,3.227693380527924,902.4500122070312,870.0021,-32.44793701171875,-3.5955384312494045
UPL,1239,20.13256431323612,15.944233346492684,2.9092087566513247,804.6500244140625,774.13556,-30.51446533203125,-3.7922655075107414
SBIN,1239,23.125977882449753,19.507690429687504,2.7073970186712963,998.9500122070312,958.8528,-40.09722900390625,-4.013937485752405
SBILIFE,1239,57.73607469426525,48.607097219913506,3.1320612009045465,2067.39990234375,1970.811,-96.5888671875,-4.671997279191126
BAJAJ-AUTO,1239,273.79990634043,217.1183770362367,3.1896265418589484,9502.5,9043.251,-459.2490234375,-4.832928423441199
BPCL,1239,10.534410156013294,8.20271544760846,3.229196600540217,381.4500122070313,362.9127,-18.537322998046932,-4.859699149252047
EICHERMOT,1239,272.6993601720368,223.99507043716756,4.401443868475256,7334.5,6957.783,-376.716796875,-5.136230102597314
SHREECEM,1237,1524.9887561851747,1385.5007791722073,5.215331562282263,27045.0,25639.652,-1405.34765625,-5.196330768164171
M&M,1239,109.00409568851425,85.04934108003658,3.2863146346323453,3802.39990234375,3590.5166,-211.88330078125,-5.572357096123632
TITAN,1239,159.60171231596365,138.6224936627327,4.44517627630074,4051.699951171875,3825.6594,-226.04052734375,-5.578905893028239
ONGC,1239,9.649470898847477,8.596633099495104,4.078785289146612,241.4600067138672,227.5467,-13.913299560546875,-5.76215488018034
COALINDIA,1239,7.8725738094915085,6.270480216817636,2.0970747651336477,427.8999938964844,401.28802,-26.611968994140625,-6.219202938474093
JSWSTEEL,1239,33.66377125327984,27.799602102726094,3.13538131929883,1180.699951171875,1101.1827,-79.5172119140625,-6.7347518592797115
TATASTEEL,1239,6.903069232682935,5.463801972409512,4.266753853181327,182.8800048828125,170.297,-12.5830078125,-6.88047215471317
HEROMOTOCO,1239,193.601939754107,146.2512064183012,3.9529565729984144,5933.0,5499.6143,-433.3857421875,-7.3046644562194505
NTPC,1239,5.5557097216548765,4.158614300666972,1.6714097235052632,352.1000061035156,326.05188,-26.048126220703125,-7.3979340440696015
MARUTI,1239,787.0308918913684,668.1686076712101,5.574586923238448,16960.0,15696.865,-1263.134765625,-7.447728570902122
BAJFINANCE,1239,79.22995632030751,75.48287736608627,8.276883424378232,990.4500122070312,905.95746,-84.4925537109375,-8.530723678084648
